Russia,,Moscow,1,1,2019,-4.28
Russia,,Moscow,1,2,2019,-3
Russia,,Moscow,1,3,2019,-3.11
Russia,,Moscow,1,4,2019,-4.94
Russia,,Moscow,1,5,2019,-5.94
Russia,,Moscow,1,6,2019,-8.39
Russia,,Moscow,1,7,2019,-11.33
Russia,,Moscow,1,8,2019,-10.17
Russia,,Moscow,1,9,2019,-12.06
Russia,,Moscow,1,10,2019,-9.72
Russia,,Moscow,1,11,2019,-10.83
Russia,,Moscow,1,12,2019,-10.39
Russia,,Moscow,1,13,2019,-5.5
Russia,,Moscow,1,14,2019,-2.56
Russia,,Moscow,1,15,2019,-2.5
Russia,,Moscow,1,16,2019,-6.94
Russia,,Moscow,1,17,2019,-3.83
Russia,,Moscow,1,18,2019,0.83
Russia,,Moscow,1,19,2019,-6.11
Russia,,Moscow,1,20,2019,-5.28
Russia,,Moscow,1,21,2019,-8.44
Russia,,Moscow,1,22,2019,-14.89
Russia,,Moscow,1,23,2019,-14.64
Russia,,Moscow,1,24,2019,-14.39
Russia,,Moscow,1,25,2019,-13.44
Russia,,Moscow,1,26,2019,-11.56
Russia,,Moscow,1,27,2019,-8.78
Russia,,Moscow,1,28,2019,-8.11
Russia,,Moscow,1,29,2019,-3.56
Russia,,Moscow,1,30,2019,-3.11
Russia,,Moscow,1,31,2019,-0.06
Russia,,Moscow,2,1,2019,-3.61
Russia,,Moscow,2,2,2019,-4.44
Russia,,Moscow,2,3,2019,-1.56
Russia,,Moscow,2,4,2019,1.56
Russia,,Moscow,2,5,2019,-1.17
Russia,,Moscow,2,6,2019,-2.11
Russia,,Moscow,2,7,2019,-2.67
Russia,,Moscow,2,8,2019,-1.11
Russia,,Moscow,2,9,2019,-2.39
Russia,,Moscow,2,10,2019,-4.78
Russia,,Moscow,2,11,2019,-2.11
Russia,,Moscow,2,12,2019,0.06
Russia,,Moscow,2,13,2019,-1.61
Russia,,Moscow,2,14,2019,-3.72
Russia,,Moscow,2,15,2019,0.56
Russia,,Moscow,2,16,2019,1.72
Russia,,Moscow,2,17,2019,1.39
Russia,,Moscow,2,18,2019,-3.11
Russia,,Moscow,2,19,2019,-3.78
Russia,,Moscow,2,20,2019,0.78
Russia,,Moscow,2,21,2019,-4.28
Russia,,Moscow,2,22,2019,-8.72
Russia,,Moscow,2,23,2019,-7.78
Russia,,Moscow,2,24,2019,-2.11
Russia,,Moscow,2,25,2019,1.06
Russia,,Moscow,2,26,2019,0.78
Russia,,Moscow,2,27,2019,-2.33
Russia,,Moscow,2,28,2019,0.39
Russia,,Moscow,3,1,2019,-1.17
Russia,,Moscow,3,2,2019,-7.61
Russia,,Moscow,3,3,2019,-4.94
Russia,,Moscow,3,4,2019,-1.89
Russia,,Moscow,3,5,2019,2.56
Russia,,Moscow,3,6,2019,-4.11
Russia,,Moscow,3,7,2019,-5.56
Russia,,Moscow,3,8,2019,0.5
Russia,,Moscow,3,9,2019,2.61
Russia,,Moscow,3,10,2019,1.61
Russia,,Moscow,3,11,2019,1.06
Russia,,Moscow,3,12,2019,-2.28
Russia,,Moscow,3,13,2019,-5.67
Russia,,Moscow,3,14,2019,-2.72
Russia,,Moscow,3,15,2019,0.28
Russia,,Moscow,3,16,2019,-0.67
Russia,,Moscow,3,17,2019,0.28
Russia,,Moscow,3,18,2019,2.61
Russia,,Moscow,3,19,2019,2.56
Russia,,Moscow,3,20,2019,2.5
Russia,,Moscow,3,21,2019,0.94
Russia,,Moscow,3,22,2019,0.61
Russia,,Moscow,3,23,2019,1.61
Russia,,Moscow,3,24,2019,0.17
Russia,,Moscow,3,25,2019,2.11
Russia,,Moscow,3,26,2019,1.89
Russia,,Moscow,3,27,2019,-0.94
Russia,,Moscow,3,28,2019,0.22
Russia,,Moscow,3,29,2019,1.06
Russia,,Moscow,3,30,2019,5.22
Russia,,Moscow,3,31,2019,8.72
Russia,,Moscow,4,1,2019,2.28
Russia,,Moscow,4,2,2019,2.5
Russia,,Moscow,4,3,2019,4.11
Russia,,Moscow,4,4,2019,4.44
Russia,,Moscow,4,5,2019,4.22
Russia,,Moscow,4,6,2019,3.78
Russia,,Moscow,4,7,2019,3.72
Russia,,Moscow,4,8,2019,6.44
Russia,,Moscow,4,9,2019,11.56
Russia,,Moscow,4,10,2019,8.06
Russia,,Moscow,4,11,2019,5.89
Russia,,Moscow,4,12,2019,3.44
Russia,,Moscow,4,13,2019,3.56
Russia,,Moscow,4,14,2019,1.56
Russia,,Moscow,4,15,2019,5.44
Russia,,Moscow,4,16,2019,7.56
Russia,,Moscow,4,17,2019,6.78
Russia,,Moscow,4,18,2019,6.89
Russia,,Moscow,4,19,2019,7.39
Russia,,Moscow,4,20,2019,7.78
Russia,,Moscow,4,21,2019,12.06
Russia,,Moscow,4,22,2019,13.11
Russia,,Moscow,4,23,2019,13.61
Russia,,Moscow,4,24,2019,15.67
Russia,,Moscow,4,25,2019,17.72
Russia,,Moscow,4,26,2019,17.5
Russia,,Moscow,4,27,2019,17.39
Russia,,Moscow,4,28,2019,8.94
Russia,,Moscow,4,29,2019,6.22
Russia,,Moscow,4,30,2019,8.11
Russia,,Moscow,5,1,2019,10.06
Russia,,Moscow,5,2,2019,7.56
Russia,,Moscow,5,3,2019,11.06
Russia,,Moscow,5,4,2019,9.56
Russia,,Moscow,5,5,2019,13
Russia,,Moscow,5,6,2019,17.83
Russia,,Moscow,5,7,2019,19.22
Russia,,Moscow,5,8,2019,15.72
Russia,,Moscow,5,9,2019,14.56
Russia,,Moscow,5,10,2019,19.06
Russia,,Moscow,5,11,2019,16.94
Russia,,Moscow,5,12,2019,16.94
Russia,,Moscow,5,13,2019,17.22
Russia,,Moscow,5,14,2019,16.28
Russia,,Moscow,5,15,2019,15.89
Russia,,Moscow,5,16,2019,16.14
Russia,,Moscow,5,17,2019,16.28
Russia,,Moscow,5,18,2019,16.83
Russia,,Moscow,5,19,2019,17.22
Russia,,Moscow,5,20,2019,16.39
Russia,,Moscow,5,21,2019,17.67
Russia,,Moscow,5,22,2019,19.72
Russia,,Moscow,5,23,2019,17.28
Russia,,Moscow,5,24,2019,12.33
Russia,,Moscow,5,25,2019,14.83
Russia,,Moscow,5,26,2019,17.28
Russia,,Moscow,5,27,2019,16.39
Russia,,Moscow,5,28,2019,21.33
Russia,,Moscow,5,29,2019,22.78
Russia,,Moscow,5,30,2019,20.44
Russia,,Moscow,5,31,2019,18.94
Russia,,Moscow,6,1,2019,17.61
Russia,,Moscow,6,2,2019,18.89
Russia,,Moscow,6,3,2019,16.56
Russia,,Moscow,6,4,2019,17.06
Russia,,Moscow,6,5,2019,19.78
Russia,,Moscow,6,6,2019,22.17
Russia,,Moscow,6,7,2019,23.89
Russia,,Moscow,6,8,2019,24.94
Russia,,Moscow,6,9,2019,25.06
Russia,,Moscow,6,10,2019,22.61
Russia,,Moscow,6,11,2019,22.89
Russia,,Moscow,6,12,2019,19.89
Russia,,Moscow,6,13,2019,15.22
Russia,,Moscow,6,14,2019,16.94
Russia,,Moscow,6,15,2019,16.28
Russia,,Moscow,6,16,2019,17.33
Russia,,Moscow,6,17,2019,20.61
Russia,,Moscow,6,18,2019,21.78
Russia,,Moscow,6,19,2019,22.22
Russia,,Moscow,6,20,2019,23.72
Russia,,Moscow,6,21,2019,24.5
Russia,,Moscow,6,22,2019,24.78
Russia,,Moscow,6,23,2019,21.06
Russia,,Moscow,6,24,2019,20.56
Russia,,Moscow,6,25,2019,19.11
Russia,,Moscow,6,26,2019,16.89
Russia,,Moscow,6,27,2019,14.17
Russia,,Moscow,6,28,2019,12.44
Russia,,Moscow,6,29,2019,10.44
Russia,,Moscow,6,30,2019,14.06
Russia,,Moscow,7,1,2019,19.89
Russia,,Moscow,7,2,2019,18.67
Russia,,Moscow,7,3,2019,14.94
Russia,,Moscow,7,4,2019,13.28
Russia,,Moscow,7,5,2019,14.78
Russia,,Moscow,7,6,2019,13.56
Russia,,Moscow,7,7,2019,14.22
Russia,,Moscow,7,8,2019,16.89
Russia,,Moscow,7,9,2019,15.78
Russia,,Moscow,7,10,2019,13.94
Russia,,Moscow,7,11,2019,14.5
Russia,,Moscow,7,12,2019,12.61
Russia,,Moscow,7,13,2019,14.28
Russia,,Moscow,7,14,2019,15.17
Russia,,Moscow,7,15,2019,15.61
Russia,,Moscow,7,16,2019,15.72
Russia,,Moscow,7,17,2019,15.94
Russia,,Moscow,7,18,2019,16.06
Russia,,Moscow,7,19,2019,15.67
Russia,,Moscow,7,20,2019,16.78
Russia,,Moscow,7,21,2019,18.06
Russia,,Moscow,7,22,2019,19.78
Russia,,Moscow,7,23,2019,18.06
Russia,,Moscow,7,24,2019,17.11
Russia,,Moscow,7,25,2019,18.28
Russia,,Moscow,7,26,2019,23.17
Russia,,Moscow,7,27,2019,23.61
Russia,,Moscow,7,28,2019,21.72
Russia,,Moscow,7,29,2019,13.72
Russia,,Moscow,7,30,2019,12.11
Russia,,Moscow,7,31,2019,10.94
Russia,,Moscow,8,1,2019,12.44
Russia,,Moscow,8,2,2019,11.94
Russia,,Moscow,8,3,2019,13.56
Russia,,Moscow,8,4,2019,10.89
Russia,,Moscow,8,5,2019,10.22
Russia,,Moscow,8,6,2019,14.22
Russia,,Moscow,8,7,2019,16.39
Russia,,Moscow,8,8,2019,19.61
Russia,,Moscow,8,9,2019,15.17
Russia,,Moscow,8,10,2019,13.56
Russia,,Moscow,8,11,2019,14.89
Russia,,Moscow,8,12,2019,16.61
Russia,,Moscow,8,13,2019,18.89
Russia,,Moscow,8,14,2019,19.56
Russia,,Moscow,8,15,2019,18.17
Russia,,Moscow,8,16,2019,15.78
Russia,,Moscow,8,17,2019,15.33
Russia,,Moscow,8,18,2019,17.56
Russia,,Moscow,8,19,2019,16.44
Russia,,Moscow,8,20,2019,21
Russia,,Moscow,8,21,2019,21.33
Russia,,Moscow,8,22,2019,18.61
Russia,,Moscow,8,23,2019,17.11
Russia,,Moscow,8,24,2019,17.78
Russia,,Moscow,8,25,2019,15.89
Russia,,Moscow,8,26,2019,16.67
Russia,,Moscow,8,27,2019,17.33
Russia,,Moscow,8,28,2019,13.78
Russia,,Moscow,8,29,2019,15.5
Russia,,Moscow,8,30,2019,17.17
Russia,,Moscow,8,31,2019,17.06
Russia,,Moscow,9,1,2019,17.44
Russia,,Moscow,9,2,2019,18.11
Russia,,Moscow,9,3,2019,18.94
Russia,,Moscow,9,4,2019,18.78
Russia,,Moscow,9,5,2019,15.22
Russia,,Moscow,9,6,2019,16.83
Russia,,Moscow,9,7,2019,17.11
Russia,,Moscow,9,8,2019,17.22
Russia,,Moscow,9,9,2019,18
Russia,,Moscow,9,10,2019,18.78
Russia,,Moscow,9,11,2019,19.22
Russia,,Moscow,9,12,2019,18.72
Russia,,Moscow,9,13,2019,17.89
Russia,,Moscow,9,14,2019,12.72
Russia,,Moscow,9,15,2019,9.44
Russia,,Moscow,9,16,2019,11.22
Russia,,Moscow,9,17,2019,9.11
Russia,,Moscow,9,18,2019,8
Russia,,Moscow,9,19,2019,7.89
Russia,,Moscow,9,20,2019,5.94
Russia,,Moscow,9,21,2019,5
Russia,,Moscow,9,22,2019,4.83
Russia,,Moscow,9,23,2019,4.33
Russia,,Moscow,9,24,2019,4.11
Russia,,Moscow,9,25,2019,4.89
Russia,,Moscow,9,26,2019,6.89
Russia,,Moscow,9,27,2019,7.06
Russia,,Moscow,9,28,2019,8.5
Russia,,Moscow,9,29,2019,8.61
Russia,,Moscow,9,30,2019,11.61
Russia,,Moscow,10,1,2019,11.89
Russia,,Moscow,10,2,2019,11.44
Russia,,Moscow,10,3,2019,15.39
Russia,,Moscow,10,4,2019,9.67
Russia,,Moscow,10,5,2019,6.72
Russia,,Moscow,10,6,2019,2
Russia,,Moscow,10,7,2019,1.39
Russia,,Moscow,10,8,2019,1.78
Russia,,Moscow,10,9,2019,3.61
Russia,,Moscow,10,10,2019,7.28
Russia,,Moscow,10,11,2019,8.72
Russia,,Moscow,10,12,2019,9.39
Russia,,Moscow,10,13,2019,9.78
Russia,,Moscow,10,14,2019,11.56
Russia,,Moscow,10,15,2019,8.39
Russia,,Moscow,10,16,2019,5.17
Russia,,Moscow,10,17,2019,13.06
Russia,,Moscow,10,18,2019,11.94
Russia,,Moscow,10,19,2019,12.56
Russia,,Moscow,10,20,2019,13.11
Russia,,Moscow,10,21,2019,12.56
Russia,,Moscow,10,22,2019,8.11
Russia,,Moscow,10,23,2019,11.83
Russia,,Moscow,10,24,2019,9.56
Russia,,Moscow,10,25,2019,8.94
Russia,,Moscow,10,26,2019,9.89
Russia,,Moscow,10,27,2019,11.89
Russia,,Moscow,10,28,2019,5.78
Russia,,Moscow,10,29,2019,3.28
Russia,,Moscow,10,30,2019,-1.61
Russia,,Moscow,10,31,2019,-3.11
Russia,,Moscow,11,1,2019,-1.39
Russia,,Moscow,11,2,2019,1.28
Russia,,Moscow,11,3,2019,2.11
Russia,,Moscow,11,4,2019,6.61
Russia,,Moscow,11,5,2019,10.06
Russia,,Moscow,11,6,2019,9.44
Russia,,Moscow,11,7,2019,4.33
Russia,,Moscow,11,8,2019,4.11
Russia,,Moscow,11,9,2019,2.67
Russia,,Moscow,11,10,2019,6.67
Russia,,Moscow,11,11,2019,6.5
Russia,,Moscow,11,12,2019,4.22
Russia,,Moscow,11,13,2019,2.44
Russia,,Moscow,11,14,2019,2.56
Russia,,Moscow,11,15,2019,1.28
Russia,,Moscow,11,16,2019,2.28
Russia,,Moscow,11,17,2019,4.06
Russia,,Moscow,11,18,2019,1.72
Russia,,Moscow,11,19,2019,1
Russia,,Moscow,11,20,2019,0.22
Russia,,Moscow,11,21,2019,-7.72
Russia,,Moscow,11,22,2019,-8
Russia,,Moscow,11,23,2019,-8
Russia,,Moscow,11,24,2019,-6.78
Russia,,Moscow,11,25,2019,-6.17
Russia,,Moscow,11,26,2019,-5.22
Russia,,Moscow,11,27,2019,-2.22
Russia,,Moscow,11,28,2019,-1.78
Russia,,Moscow,11,29,2019,1.17
Russia,,Moscow,11,30,2019,0.94
Russia,,Moscow,12,1,2019,-3.44
Russia,,Moscow,12,2,2019,-4.39
Russia,,Moscow,12,3,2019,-2.94
Russia,,Moscow,12,4,2019,-2.06
Russia,,Moscow,12,5,2019,1.44
Russia,,Moscow,12,6,2019,0.89
Russia,,Moscow,12,7,2019,0
Russia,,Moscow,12,8,2019,1.06
Russia,,Moscow,12,9,2019,2.61
Russia,,Moscow,12,10,2019,2.44
Russia,,Moscow,12,11,2019,1.44
Russia,,Moscow,12,12,2019,1.11
Russia,,Moscow,12,13,2019,0.11
Russia,,Moscow,12,14,2019,-0.5
Russia,,Moscow,12,15,2019,-0.17
Russia,,Moscow,12,16,2019,1.61
Russia,,Moscow,12,17,2019,1.5
Russia,,Moscow,12,18,2019,2.94
Russia,,Moscow,12,19,2019,3.33
Russia,,Moscow,12,20,2019,-0.61
Russia,,Moscow,12,21,2019,0.67
Russia,,Moscow,12,22,2019,1.83
Russia,,Moscow,12,23,2019,5
Russia,,Moscow,12,24,2019,3.56
Russia,,Moscow,12,25,2019,-0.39
Russia,,Moscow,12,26,2019,-0.89
Russia,,Moscow,12,27,2019,-0.89
Russia,,Moscow,12,28,2019,-1.5
Russia,,Moscow,12,29,2019,-3.72
Russia,,Moscow,12,30,2019,-2.94
Russia,,Moscow,12,31,2019,1
,,,,,,
,,Moscow,1,1,2009,-5.7
,,Moscow,1,2,2009,-12.3
,,Moscow,1,3,2009,-13.4
,,Moscow,1,4,2009,-13.9
,,Moscow,1,5,2009,-13.9
,,Moscow,1,6,2009,-12.9
,,Moscow,1,7,2009,-11
,,Moscow,1,8,2009,-13.9
,,Moscow,1,9,2009,-14.1
,,Moscow,1,10,2009,-13.4
,,Moscow,1,11,2009,-7.3
,,Moscow,1,12,2009,-0.4
,,Moscow,1,13,2009,-1.8
,,Moscow,1,14,2009,-3.1
,,Moscow,1,15,2009,-4
,,Moscow,1,16,2009,-3.1
,,Moscow,1,17,2009,-2.4
,,Moscow,1,18,2009,-5.2
,,Moscow,1,19,2009,-6.6
,,Moscow,1,20,2009,-7.6
,,Moscow,1,21,2009,-7.1
,,Moscow,1,22,2009,-2
,,Moscow,1,23,2009,-0.4
,,Moscow,1,24,2009,-2.7
,,Moscow,1,25,2009,-0.5
,,Moscow,1,26,2009,-2.3
,,Moscow,1,27,2009,-2.9
,,Moscow,1,28,2009,-0.7
,,Moscow,1,29,2009,-0.5
,,Moscow,1,30,2009,-3.9
,,Moscow,1,31,2009,-14.3
,,Moscow,2,1,2009,-19.3
,,Moscow,2,2,2009,-18.7
,,Moscow,2,3,2009,-12.4
,,Moscow,2,4,2009,-10.1
,,Moscow,2,5,2009,-9.1
,,Moscow,2,6,2009,-10.9
,,Moscow,2,7,2009,-6.5
,,Moscow,2,8,2009,0.4
,,Moscow,2,9,2009,0.6
,,Moscow,2,10,2009,-0.4
,,Moscow,2,11,2009,-2.4
,,Moscow,2,12,2009,-1.6
,,Moscow,2,13,2009,-1.2
,,Moscow,2,14,2009,-1.1
,,Moscow,2,15,2009,0.1
,,Moscow,2,16,2009,-0.6
,,Moscow,2,17,2009,-0.9
,,Moscow,2,18,2009,-2
,,Moscow,2,19,2009,-6.4
,,Moscow,2,20,2009,-4.9
,,Moscow,2,21,2009,-7.1
,,Moscow,2,22,2009,-12.9
,,Moscow,2,23,2009,-12.7
,,Moscow,2,24,2009,-12.6
,,Moscow,2,25,2009,-8.4
,,Moscow,2,26,2009,-2.4
,,Moscow,2,27,2009,-3.3
,,Moscow,2,28,2009,-2.8
,,Moscow,3,1,2009,-1.8
,,Moscow,3,2,2009,-1.4
,,Moscow,3,3,2009,-1.7
,,Moscow,3,4,2009,-3.7
,,Moscow,3,5,2009,-2.9
,,Moscow,3,6,2009,-3.3
,,Moscow,3,7,2009,-4.6
,,Moscow,3,8,2009,-2.7
,,Moscow,3,9,2009,0
,,Moscow,3,10,2009,-0.1
,,Moscow,3,11,2009,0.8
,,Moscow,3,12,2009,1.2
,,Moscow,3,13,2009,-0.1
,,Moscow,3,14,2009,-1.1
,,Moscow,3,15,2009,-3.4
,,Moscow,3,16,2009,-2.1
,,Moscow,3,17,2009,-1.1
,,Moscow,3,18,2009,-1.8
,,Moscow,3,19,2009,-0.5
,,Moscow,3,20,2009,-1.1
,,Moscow,3,21,2009,-1.6
,,Moscow,3,22,2009,-4.8
,,Moscow,3,23,2009,-5.2
,,Moscow,3,24,2009,-3
,,Moscow,3,25,2009,0.1
,,Moscow,3,26,2009,-3
,,Moscow,3,27,2009,-3.2
,,Moscow,3,28,2009,0.8
,,Moscow,3,29,2009,3.4
,,Moscow,3,30,2009,4.4
,,Moscow,3,31,2009,2.2
,,Moscow,4,1,2009,2.6
,,Moscow,4,2,2009,0.7
,,Moscow,4,3,2009,0.1
,,Moscow,4,4,2009,0.1
,,Moscow,4,5,2009,0.4
,,Moscow,4,6,2009,4.6
,,Moscow,4,7,2009,1.7
,,Moscow,4,8,2009,-0.1
,,Moscow,4,9,2009,-72.8
,,Moscow,4,10,2009,-0.1
,,Moscow,4,11,2009,2.2
,,Moscow,4,12,2009,5.9
,,Moscow,4,13,2009,6.8
,,Moscow,4,14,2009,8.8
,,Moscow,4,15,2009,9.9
,,Moscow,4,16,2009,0.9
,,Moscow,4,17,2009,2.7
,,Moscow,4,18,2009,2.4
,,Moscow,4,19,2009,-0.6
,,Moscow,4,20,2009,1.4
,,Moscow,4,21,2009,-0.4
,,Moscow,4,22,2009,0.4
,,Moscow,4,23,2009,4.1
,,Moscow,4,24,2009,6.7
,,Moscow,4,25,2009,8.8
,,Moscow,4,26,2009,13.9
,,Moscow,4,27,2009,15.4
,,Moscow,4,28,2009,16.6
,,Moscow,4,29,2009,17.8
,,Moscow,4,30,2009,10.1
,,Moscow,5,1,2009,8.6
,,Moscow,5,2,2009,10.2
,,Moscow,5,3,2009,14.2
,,Moscow,5,4,2009,16.4
,,Moscow,5,5,2009,17
,,Moscow,5,6,2009,14.8
,,Moscow,5,7,2009,11.7
,,Moscow,5,8,2009,13.6
,,Moscow,5,9,2009,16.4
,,Moscow,5,10,2009,15.9
,,Moscow,5,11,2009,16.9
,,Moscow,5,12,2009,14.6
,,Moscow,5,13,2009,11.7
,,Moscow,5,14,2009,7.6
,,Moscow,5,15,2009,8.1
,,Moscow,5,16,2009,7.8
,,Moscow,5,17,2009,7.9
,,Moscow,5,18,2009,11.1
,,Moscow,5,19,2009,13.2
,,Moscow,5,20,2009,13.3
,,Moscow,5,21,2009,12
,,Moscow,5,22,2009,13.1
,,Moscow,5,23,2009,12.8
,,Moscow,5,24,2009,10.6
,,Moscow,5,25,2009,12.1
,,Moscow,5,26,2009,13.9
,,Moscow,5,27,2009,17.8
,,Moscow,5,28,2009,19.7
,,Moscow,5,29,2009,17.9
,,Moscow,5,30,2009,17.7
,,Moscow,5,31,2009,18.4
,,Moscow,6,1,2009,20.6
,,Moscow,6,2,2009,19.3
,,Moscow,6,3,2009,18.6
,,Moscow,6,4,2009,13.6
,,Moscow,6,5,2009,12.1
,,Moscow,6,6,2009,10.4
,,Moscow,6,7,2009,12.2
,,Moscow,6,8,2009,15.6
,,Moscow,6,9,2009,16.9
,,Moscow,6,10,2009,20.8
,,Moscow,6,11,2009,22.1
,,Moscow,6,12,2009,21.8
,,Moscow,6,13,2009,21.2
,,Moscow,6,14,2009,16.7
,,Moscow,6,15,2009,17.1
,,Moscow,6,16,2009,18.7
,,Moscow,6,17,2009,13.7
,,Moscow,6,18,2009,12.4
,,Moscow,6,19,2009,13.3
,,Moscow,6,20,2009,13.1
,,Moscow,6,21,2009,14
,,Moscow,6,22,2009,18.4
,,Moscow,6,23,2009,20.7
,,Moscow,6,24,2009,15.4
,,Moscow,6,25,2009,13.1
,,Moscow,6,26,2009,15.9
,,Moscow,6,27,2009,20.7
,,Moscow,6,28,2009,22.7
,,Moscow,6,29,2009,18.9
,,Moscow,6,30,2009,16.1
,,Moscow,7,1,2009,17.7
,,Moscow,7,2,2009,17.4
,,Moscow,7,3,2009,16.1
,,Moscow,7,4,2009,11
,,Moscow,7,5,2009,9.8
,,Moscow,7,6,2009,10.4
,,Moscow,7,7,2009,14.1
,,Moscow,7,8,2009,16.4
,,Moscow,7,9,2009,18.2
,,Moscow,7,10,2009,15.8
,,Moscow,7,11,2009,19.4
,,Moscow,7,12,2009,21.6
,,Moscow,7,13,2009,23.1
,,Moscow,7,14,2009,23.7
,,Moscow,7,15,2009,20.4
,,Moscow,7,16,2009,22.2
,,Moscow,7,17,2009,23
,,Moscow,7,18,2009,22.4
,,Moscow,7,19,2009,23.2
,,Moscow,7,20,2009,20.6
,,Moscow,7,21,2009,18.9
,,Moscow,7,22,2009,15.7
,,Moscow,7,23,2009,17.3
,,Moscow,7,24,2009,20.1
,,Moscow,7,25,2009,20.1
,,Moscow,7,26,2009,21.1
,,Moscow,7,27,2009,18.8
,,Moscow,7,28,2009,18.2
,,Moscow,7,29,2009,19.8
,,Moscow,7,30,2009,20.5
,,Moscow,7,31,2009,21.1
,,Moscow,8,1,2009,20.4
,,Moscow,8,2,2009,17.6
,,Moscow,8,3,2009,17.3
,,Moscow,8,4,2009,15.4
,,Moscow,8,5,2009,16.4
,,Moscow,8,6,2009,16.1
,,Moscow,8,7,2009,13.9
,,Moscow,8,8,2009,13.5
,,Moscow,8,9,2009,12.4
,,Moscow,8,10,2009,15.1
,,Moscow,8,11,2009,18
,,Moscow,8,12,2009,18.6
,,Moscow,8,13,2009,18.1
,,Moscow,8,14,2009,14
,,Moscow,8,15,2009,12.5
,,Moscow,8,16,2009,15.6
,,Moscow,8,17,2009,19.8
,,Moscow,8,18,2009,18.6
,,Moscow,8,19,2009,15.1
,,Moscow,8,20,2009,12.6
,,Moscow,8,21,2009,10.7
,,Moscow,8,22,2009,14
,,Moscow,8,23,2009,13.4
,,Moscow,8,24,2009,12.6
,,Moscow,8,25,2009,13.8
,,Moscow,8,26,2009,14.3
,,Moscow,8,27,2009,16
,,Moscow,8,28,2009,15.7
,,Moscow,8,29,2009,15.6
,,Moscow,8,30,2009,16.8
,,Moscow,8,31,2009,15.1
,,Moscow,9,1,2009,15.7
,,Moscow,9,2,2009,18.1
,,Moscow,9,3,2009,19.1
,,Moscow,9,4,2009,17.1
,,Moscow,9,5,2009,18.5
,,Moscow,9,6,2009,15.6
,,Moscow,9,7,2009,14.6
,,Moscow,9,8,2009,14.9
,,Moscow,9,9,2009,16.3
,,Moscow,9,10,2009,16.9
,,Moscow,9,11,2009,16.6
,,Moscow,9,12,2009,14.8
,,Moscow,9,13,2009,14.9
,,Moscow,9,14,2009,16.2
,,Moscow,9,15,2009,15.6
,,Moscow,9,16,2009,15
,,Moscow,9,17,2009,13.8
,,Moscow,9,18,2009,9.2
,,Moscow,9,19,2009,8.7
,,Moscow,9,20,2009,11.8
,,Moscow,9,21,2009,14.2
,,Moscow,9,22,2009,13.2
,,Moscow,9,23,2009,13.3
,,Moscow,9,24,2009,12.2
,,Moscow,9,25,2009,8.6
,,Moscow,9,26,2009,8.6
,,Moscow,9,27,2009,11.3
,,Moscow,9,28,2009,12.3
,,Moscow,9,29,2009,10.9
,,Moscow,9,30,2009,5.2
,,Moscow,10,1,2009,5.9
,,Moscow,10,2,2009,6
,,Moscow,10,3,2009,3.9
,,Moscow,10,4,2009,8.1
,,Moscow,10,5,2009,9.2
,,Moscow,10,6,2009,5.2
,,Moscow,10,7,2009,5.7
,,Moscow,10,8,2009,12.9
,,Moscow,10,9,2009,6.6
,,Moscow,10,10,2009,2.7
,,Moscow,10,11,2009,2.8
,,Moscow,10,12,2009,6.8
,,Moscow,10,13,2009,8.9
,,Moscow,10,14,2009,13.5
,,Moscow,10,15,2009,9
,,Moscow,10,16,2009,7.8
,,Moscow,10,17,2009,5.6
,,Moscow,10,18,2009,2.6
,,Moscow,10,19,2009,2.6
,,Moscow,10,20,2009,2.8
,,Moscow,10,21,2009,5.3
,,Moscow,10,22,2009,6.3
,,Moscow,10,23,2009,7.6
,,Moscow,10,24,2009,6.2
,,Moscow,10,25,2009,3.3
,,Moscow,10,26,2009,2.8
,,Moscow,10,27,2009,5.4
,,Moscow,10,28,2009,5.7
,,Moscow,10,29,2009,3.6
,,Moscow,10,30,2009,-1.7
,,Moscow,10,31,2009,-2.2
,,Moscow,11,1,2009,-2.2
,,Moscow,11,2,2009,-1.2
,,Moscow,11,3,2009,-1.2
,,Moscow,11,4,2009,-2.9
,,Moscow,11,5,2009,-3.2
,,Moscow,11,6,2009,-2.1
,,Moscow,11,7,2009,1.2
,,Moscow,11,8,2009,3.3
,,Moscow,11,9,2009,2.7
,,Moscow,11,10,2009,1.6
,,Moscow,11,11,2009,2.2
,,Moscow,11,12,2009,2.1
,,Moscow,11,13,2009,5.7
,,Moscow,11,14,2009,3.7
,,Moscow,11,15,2009,2.3
,,Moscow,11,16,2009,-0.1
,,Moscow,11,17,2009,-0.4
,,Moscow,11,18,2009,0
,,Moscow,11,19,2009,0.1
,,Moscow,11,20,2009,0.8
,,Moscow,11,21,2009,3.1
,,Moscow,11,22,2009,4.8
,,Moscow,11,23,2009,3
,,Moscow,11,24,2009,4.4
,,Moscow,11,25,2009,4.9
,,Moscow,11,26,2009,4.6
,,Moscow,11,27,2009,5
,,Moscow,11,28,2009,4.3
,,Moscow,11,29,2009,3.8
,,Moscow,11,30,2009,3.6
,,Moscow,12,1,2009,3.3
,,Moscow,12,2,2009,7.4
,,Moscow,12,3,2009,7.3
,,Moscow,12,4,2009,4.2
,,Moscow,12,5,2009,-1.3
,,Moscow,12,6,2009,-4.9
,,Moscow,12,7,2009,-5.8
,,Moscow,12,8,2009,-7.1
,,Moscow,12,9,2009,-4.3
,,Moscow,12,10,2009,-4.6
,,Moscow,12,11,2009,-6.3
,,Moscow,12,12,2009,-8.6
,,Moscow,12,13,2009,-7.9
,,Moscow,12,14,2009,-16.7
,,Moscow,12,15,2009,-23.6
,,Moscow,12,16,2009,-23.8
,,Moscow,12,17,2009,-21.3
,,Moscow,12,18,2009,-19.8
,,Moscow,12,19,2009,-15.9
,,Moscow,12,20,2009,-13.8
,,Moscow,12,21,2009,-10.4
,,Moscow,12,22,2009,-14.7
,,Moscow,12,23,2009,-5.4
,,Moscow,12,24,2009,-0.9
,,Moscow,12,25,2009,-2.3
,,Moscow,12,26,2009,1.4
,,Moscow,12,27,2009,0.7
,,Moscow,12,28,2009,-3.1
,,Moscow,12,29,2009,-5.2
,,Moscow,12,30,2009,-8.9
,,Moscow,12,31,2009,-8.1
,,,,,,
,,,,,,
,,,,,,
Denmark,,Copenhagen,1,1,2019,6.22
Denmark,,Copenhagen,1,2,2019,2.56
Denmark,,Copenhagen,1,3,2019,0.61
Denmark,,Copenhagen,1,4,2019,4.11
Denmark,,Copenhagen,1,5,2019,3
Denmark,,Copenhagen,1,6,2019,-0.06
Denmark,,Copenhagen,1,7,2019,4.44
Denmark,,Copenhagen,1,8,2019,3.78
Denmark,,Copenhagen,1,9,2019,0.5
Denmark,,Copenhagen,1,10,2019,-1
Denmark,,Copenhagen,1,11,2019,4.06
Denmark,,Copenhagen,1,12,2019,3.17
Denmark,,Copenhagen,1,13,2019,5.44
Denmark,,Copenhagen,1,14,2019,1.33
Denmark,,Copenhagen,1,15,2019,3.72
Denmark,,Copenhagen,1,16,2019,6.11
Denmark,,Copenhagen,1,17,2019,1.94
Denmark,,Copenhagen,1,18,2019,-1.72
Denmark,,Copenhagen,1,19,2019,-1.39
Denmark,,Copenhagen,1,20,2019,-1.44
Denmark,,Copenhagen,1,21,2019,0.39
Denmark,,Copenhagen,1,22,2019,-0.33
Denmark,,Copenhagen,1,23,2019,1.61
Denmark,,Copenhagen,1,24,2019,-1.94
Denmark,,Copenhagen,1,25,2019,-3.17
Denmark,,Copenhagen,1,26,2019,-1.11
Denmark,,Copenhagen,1,27,2019,2.28
Denmark,,Copenhagen,1,28,2019,2
Denmark,,Copenhagen,1,29,2019,0.06
Denmark,,Copenhagen,1,30,2019,0.56
Denmark,,Copenhagen,1,31,2019,0.56
Denmark,,Copenhagen,2,1,2019,0.89
Denmark,,Copenhagen,2,2,2019,1.11
Denmark,,Copenhagen,2,3,2019,0.39
Denmark,,Copenhagen,2,4,2019,0.11
Denmark,,Copenhagen,2,5,2019,3.83
Denmark,,Copenhagen,2,6,2019,2.72
Denmark,,Copenhagen,2,7,2019,3.78
Denmark,,Copenhagen,2,8,2019,5.39
Denmark,,Copenhagen,2,9,2019,6.11
Denmark,,Copenhagen,2,10,2019,4.39
Denmark,,Copenhagen,2,11,2019,2.94
Denmark,,Copenhagen,2,12,2019,1.67
Denmark,,Copenhagen,2,13,2019,6.72
Denmark,,Copenhagen,2,14,2019,5.89
Denmark,,Copenhagen,2,15,2019,4.78
Denmark,,Copenhagen,2,16,2019,6
Denmark,,Copenhagen,2,17,2019,6.39
Denmark,,Copenhagen,2,18,2019,5.28
Denmark,,Copenhagen,2,19,2019,5.56
Denmark,,Copenhagen,2,20,2019,5.94
Denmark,,Copenhagen,2,21,2019,6.78
Denmark,,Copenhagen,2,22,2019,0.89
Denmark,,Copenhagen,2,23,2019,1.61
Denmark,,Copenhagen,2,24,2019,4.44
Denmark,,Copenhagen,2,25,2019,5.22
Denmark,,Copenhagen,2,26,2019,7.06
Denmark,,Copenhagen,2,27,2019,6.89
Denmark,,Copenhagen,2,28,2019,4.67
Denmark,,Copenhagen,3,1,2019,1.61
Denmark,,Copenhagen,3,2,2019,1.78
Denmark,,Copenhagen,3,3,2019,6.72
Denmark,,Copenhagen,3,4,2019,7.06
Denmark,,Copenhagen,3,5,2019,4.94
Denmark,,Copenhagen,3,6,2019,4.67
Denmark,,Copenhagen,3,7,2019,7.22
Denmark,,Copenhagen,3,8,2019,5.33
Denmark,,Copenhagen,3,9,2019,4.61
Denmark,,Copenhagen,3,10,2019,3.33
Denmark,,Copenhagen,3,11,2019,0.33
Denmark,,Copenhagen,3,12,2019,2.83
Denmark,,Copenhagen,3,13,2019,4.44
Denmark,,Copenhagen,3,14,2019,4.78
Denmark,,Copenhagen,3,15,2019,5
Denmark,,Copenhagen,3,16,2019,5.17
Denmark,,Copenhagen,3,17,2019,6.78
Denmark,,Copenhagen,3,18,2019,4.28
Denmark,,Copenhagen,3,19,2019,3
Denmark,,Copenhagen,3,20,2019,5.56
Denmark,,Copenhagen,3,21,2019,8.39
Denmark,,Copenhagen,3,22,2019,7.33
Denmark,,Copenhagen,3,23,2019,7.06
Denmark,,Copenhagen,3,24,2019,5.11
Denmark,,Copenhagen,3,25,2019,4.33
Denmark,,Copenhagen,3,26,2019,4.33
Denmark,,Copenhagen,3,27,2019,8
Denmark,,Copenhagen,3,28,2019,8.89
Denmark,,Copenhagen,3,29,2019,9
Denmark,,Copenhagen,3,30,2019,8.78
Denmark,,Copenhagen,3,31,2019,4.44
Denmark,,Copenhagen,4,1,2019,2.67
Denmark,,Copenhagen,4,2,2019,5.78
Denmark,,Copenhagen,4,3,2019,8.11
Denmark,,Copenhagen,4,4,2019,9.56
Denmark,,Copenhagen,4,5,2019,10.5
Denmark,,Copenhagen,4,6,2019,9.83
Denmark,,Copenhagen,4,7,2019,9.33
Denmark,,Copenhagen,4,8,2019,6.67
Denmark,,Copenhagen,4,9,2019,2.11
Denmark,,Copenhagen,4,10,2019,1.94
Denmark,,Copenhagen,4,11,2019,2.61
Denmark,,Copenhagen,4,12,2019,1.94
Denmark,,Copenhagen,4,13,2019,2.11
Denmark,,Copenhagen,4,14,2019,4.17
Denmark,,Copenhagen,4,15,2019,3.72
Denmark,,Copenhagen,4,16,2019,4.67
Denmark,,Copenhagen,4,17,2019,7.5
Denmark,,Copenhagen,4,18,2019,9.33
Denmark,,Copenhagen,4,19,2019,8.72
Denmark,,Copenhagen,4,20,2019,9.78
Denmark,,Copenhagen,4,21,2019,10.89
Denmark,,Copenhagen,4,22,2019,9.5
Denmark,,Copenhagen,4,23,2019,12.94
Denmark,,Copenhagen,4,24,2019,13.25
Denmark,,Copenhagen,4,25,2019,13.56
Denmark,,Copenhagen,4,26,2019,14.17
Denmark,,Copenhagen,4,27,2019,10.44
Denmark,,Copenhagen,4,28,2019,11.11
Denmark,,Copenhagen,4,29,2019,12
Denmark,,Copenhagen,4,30,2019,12
Denmark,,Copenhagen,5,1,2019,10.44
Denmark,,Copenhagen,5,2,2019,8.67
Denmark,,Copenhagen,5,3,2019,5.17
Denmark,,Copenhagen,5,4,2019,4.28
Denmark,,Copenhagen,5,5,2019,6.67
Denmark,,Copenhagen,5,6,2019,7.06
Denmark,,Copenhagen,5,7,2019,6.28
Denmark,,Copenhagen,5,8,2019,8.33
Denmark,,Copenhagen,5,9,2019,10.89
Denmark,,Copenhagen,5,10,2019,8.67
Denmark,,Copenhagen,5,11,2019,7.78
Denmark,,Copenhagen,5,12,2019,8.28
Denmark,,Copenhagen,5,13,2019,7.78
Denmark,,Copenhagen,5,14,2019,8
Denmark,,Copenhagen,5,15,2019,10
Denmark,,Copenhagen,5,16,2019,13.61
Denmark,,Copenhagen,5,17,2019,15.22
Denmark,,Copenhagen,5,18,2019,16.28
Denmark,,Copenhagen,5,19,2019,16.83
Denmark,,Copenhagen,5,20,2019,17.22
Denmark,,Copenhagen,5,21,2019,14.78
Denmark,,Copenhagen,5,22,2019,11.78
Denmark,,Copenhagen,5,23,2019,12.94
Denmark,,Copenhagen,5,24,2019,12.61
Denmark,,Copenhagen,5,25,2019,12.44
Denmark,,Copenhagen,5,26,2019,11.72
Denmark,,Copenhagen,5,27,2019,13.28
Denmark,,Copenhagen,5,28,2019,10.06
Denmark,,Copenhagen,5,29,2019,9
Denmark,,Copenhagen,5,30,2019,11.78
Denmark,,Copenhagen,5,31,2019,14.44
Denmark,,Copenhagen,6,1,2019,15.17
Denmark,,Copenhagen,6,2,2019,14.11
Denmark,,Copenhagen,6,3,2019,19
Denmark,,Copenhagen,6,4,2019,16
Denmark,,Copenhagen,6,5,2019,19.17
Denmark,,Copenhagen,6,6,2019,18.89
Denmark,,Copenhagen,6,7,2019,14.39
Denmark,,Copenhagen,6,8,2019,15.33
Denmark,,Copenhagen,6,9,2019,14.83
Denmark,,Copenhagen,6,10,2019,15.5
Denmark,,Copenhagen,6,11,2019,17.5
Denmark,,Copenhagen,6,12,2019,17.5
Denmark,,Copenhagen,6,13,2019,16.89
Denmark,,Copenhagen,6,14,2019,17.28
Denmark,,Copenhagen,6,15,2019,17.17
Denmark,,Copenhagen,6,16,2019,17.22
Denmark,,Copenhagen,6,17,2019,17.83
Denmark,,Copenhagen,6,18,2019,18.17
Denmark,,Copenhagen,6,19,2019,19.39
Denmark,,Copenhagen,6,20,2019,18.39
Denmark,,Copenhagen,6,21,2019,15.94
Denmark,,Copenhagen,6,22,2019,14.39
Denmark,,Copenhagen,6,23,2019,15.33
Denmark,,Copenhagen,6,24,2019,16.61
Denmark,,Copenhagen,6,25,2019,19.06
Denmark,,Copenhagen,6,26,2019,20.89
Denmark,,Copenhagen,6,27,2019,16.11
Denmark,,Copenhagen,6,28,2019,18.28
Denmark,,Copenhagen,6,29,2019,19.39
Denmark,,Copenhagen,6,30,2019,21.83
Denmark,,Copenhagen,7,1,2019,17
Denmark,,Copenhagen,7,2,2019,13.89
Denmark,,Copenhagen,7,3,2019,13.17
Denmark,,Copenhagen,7,4,2019,12.83
Denmark,,Copenhagen,7,5,2019,14.83
Denmark,,Copenhagen,7,6,2019,13.5
Denmark,,Copenhagen,7,7,2019,14.22
Denmark,,Copenhagen,7,8,2019,14.33
Denmark,,Copenhagen,7,9,2019,15.22
Denmark,,Copenhagen,7,10,2019,16.44
Denmark,,Copenhagen,7,11,2019,16.89
Denmark,,Copenhagen,7,12,2019,17.61
Denmark,,Copenhagen,7,13,2019,17.67
Denmark,,Copenhagen,7,14,2019,15.78
Denmark,,Copenhagen,7,15,2019,15.39
Denmark,,Copenhagen,7,16,2019,15.56
Denmark,,Copenhagen,7,17,2019,17
Denmark,,Copenhagen,7,18,2019,17.39
Denmark,,Copenhagen,7,19,2019,18.33
Denmark,,Copenhagen,7,20,2019,17.89
Denmark,,Copenhagen,7,21,2019,17.44
Denmark,,Copenhagen,7,22,2019,15.5
Denmark,,Copenhagen,7,23,2019,20.94
Denmark,,Copenhagen,7,24,2019,21.33
Denmark,,Copenhagen,7,25,2019,21.06
Denmark,,Copenhagen,7,26,2019,21.94
Denmark,,Copenhagen,7,27,2019,22.11
Denmark,,Copenhagen,7,28,2019,20.28
Denmark,,Copenhagen,7,29,2019,23.56
Denmark,,Copenhagen,7,30,2019,19.61
Denmark,,Copenhagen,7,31,2019,16.89
Denmark,,Copenhagen,8,1,2019,14.06
Denmark,,Copenhagen,8,2,2019,16.06
Denmark,,Copenhagen,8,3,2019,18.39
Denmark,,Copenhagen,8,4,2019,17.5
Denmark,,Copenhagen,8,5,2019,17.44
Denmark,,Copenhagen,8,6,2019,18.94
Denmark,,Copenhagen,8,7,2019,17.5
Denmark,,Copenhagen,8,8,2019,17.28
Denmark,,Copenhagen,8,9,2019,18.44
Denmark,,Copenhagen,8,10,2019,19.94
Denmark,,Copenhagen,8,11,2019,19.56
Denmark,,Copenhagen,8,12,2019,18.44
Denmark,,Copenhagen,8,13,2019,13.72
Denmark,,Copenhagen,8,14,2019,14.28
Denmark,,Copenhagen,8,15,2019,15.61
Denmark,,Copenhagen,8,16,2019,16.61
Denmark,,Copenhagen,8,17,2019,16.89
Denmark,,Copenhagen,8,18,2019,16.33
Denmark,,Copenhagen,8,19,2019,16.33
Denmark,,Copenhagen,8,20,2019,16.06
Denmark,,Copenhagen,8,21,2019,14.94
Denmark,,Copenhagen,8,22,2019,17.11
Denmark,,Copenhagen,8,23,2019,19
Denmark,,Copenhagen,8,24,2019,18.22
Denmark,,Copenhagen,8,25,2019,20
Denmark,,Copenhagen,8,26,2019,21
Denmark,,Copenhagen,8,27,2019,21.56
Denmark,,Copenhagen,8,28,2019,21.83
Denmark,,Copenhagen,8,29,2019,20.61
Denmark,,Copenhagen,8,30,2019,17.61
Denmark,,Copenhagen,8,31,2019,19.5
Denmark,,Copenhagen,9,1,2019,18.06
Denmark,,Copenhagen,9,2,2019,13.94
Denmark,,Copenhagen,9,3,2019,14.94
Denmark,,Copenhagen,9,4,2019,15.56
Denmark,,Copenhagen,9,5,2019,13.5
Denmark,,Copenhagen,9,6,2019,12.78
Denmark,,Copenhagen,9,7,2019,14.39
Denmark,,Copenhagen,9,8,2019,14.33
Denmark,,Copenhagen,9,9,2019,14
Denmark,,Copenhagen,9,10,2019,15.17
Denmark,,Copenhagen,9,11,2019,15.06
Denmark,,Copenhagen,9,12,2019,15.5
Denmark,,Copenhagen,9,13,2019,14.44
Denmark,,Copenhagen,9,14,2019,13
Denmark,,Copenhagen,9,15,2019,14.06
Denmark,,Copenhagen,9,16,2019,12.5
Denmark,,Copenhagen,9,17,2019,10
Denmark,,Copenhagen,9,18,2019,9.39
Denmark,,Copenhagen,9,19,2019,9.39
Denmark,,Copenhagen,9,20,2019,12.22
Denmark,,Copenhagen,9,21,2019,12.72
Denmark,,Copenhagen,9,22,2019,12.83
Denmark,,Copenhagen,9,23,2019,13.11
Denmark,,Copenhagen,9,24,2019,13.44
Denmark,,Copenhagen,9,25,2019,13.61
Denmark,,Copenhagen,9,26,2019,13.89
Denmark,,Copenhagen,9,27,2019,14.44
Denmark,,Copenhagen,9,28,2019,13.67
Denmark,,Copenhagen,9,29,2019,13.17
Denmark,,Copenhagen,9,30,2019,11.83
Denmark,,Copenhagen,10,1,2019,8.28
Denmark,,Copenhagen,10,2,2019,7.94
Denmark,,Copenhagen,10,3,2019,7.44
Denmark,,Copenhagen,10,4,2019,7.28
Denmark,,Copenhagen,10,5,2019,6.06
Denmark,,Copenhagen,10,6,2019,5.33
Denmark,,Copenhagen,10,7,2019,3.67
Denmark,,Copenhagen,10,8,2019,9.5
Denmark,,Copenhagen,10,9,2019,10.89
Denmark,,Copenhagen,10,10,2019,10.06
Denmark,,Copenhagen,10,11,2019,12.56
Denmark,,Copenhagen,10,12,2019,12.33
Denmark,,Copenhagen,10,13,2019,11.94
Denmark,,Copenhagen,10,14,2019,12.22
Denmark,,Copenhagen,10,15,2019,11.72
Denmark,,Copenhagen,10,16,2019,12.11
Denmark,,Copenhagen,10,17,2019,11.56
Denmark,,Copenhagen,10,18,2019,12.72
Denmark,,Copenhagen,10,19,2019,11.44
Denmark,,Copenhagen,10,20,2019,10.94
Denmark,,Copenhagen,10,21,2019,11.22
Denmark,,Copenhagen,10,22,2019,11.39
Denmark,,Copenhagen,10,23,2019,10.67
Denmark,,Copenhagen,10,24,2019,11.78
Denmark,,Copenhagen,10,25,2019,12.22
Denmark,,Copenhagen,10,26,2019,14.06
Denmark,,Copenhagen,10,27,2019,9.89
Denmark,,Copenhagen,10,28,2019,7.33
Denmark,,Copenhagen,10,29,2019,3.06
Denmark,,Copenhagen,10,30,2019,3.06
Denmark,,Copenhagen,10,31,2019,6.06
Denmark,,Copenhagen,11,1,2019,4.5
Denmark,,Copenhagen,11,2,2019,8.22
Denmark,,Copenhagen,11,3,2019,9.39
Denmark,,Copenhagen,11,4,2019,8.33
Denmark,,Copenhagen,11,5,2019,4.67
Denmark,,Copenhagen,11,6,2019,3.28
Denmark,,Copenhagen,11,7,2019,4.78
Denmark,,Copenhagen,11,8,2019,6.11
Denmark,,Copenhagen,11,9,2019,5.22
Denmark,,Copenhagen,11,10,2019,4.17
Denmark,,Copenhagen,11,11,2019,5.17
Denmark,,Copenhagen,11,12,2019,5.56
Denmark,,Copenhagen,11,13,2019,4.56
Denmark,,Copenhagen,11,14,2019,5.5
Denmark,,Copenhagen,11,15,2019,7.17
Denmark,,Copenhagen,11,16,2019,8.5
Denmark,,Copenhagen,11,17,2019,5.44
Denmark,,Copenhagen,11,18,2019,8.78
Denmark,,Copenhagen,11,19,2019,6.61
Denmark,,Copenhagen,11,20,2019,6.61
Denmark,,Copenhagen,11,21,2019,7.78
Denmark,,Copenhagen,11,22,2019,8.67
Denmark,,Copenhagen,11,23,2019,6.72
Denmark,,Copenhagen,11,24,2019,6.11
Denmark,,Copenhagen,11,25,2019,6.06
Denmark,,Copenhagen,11,26,2019,5.78
Denmark,,Copenhagen,11,27,2019,7.39
Denmark,,Copenhagen,11,28,2019,8.17
Denmark,,Copenhagen,11,29,2019,2.89
Denmark,,Copenhagen,11,30,2019,0.44
Denmark,,Copenhagen,12,1,2019,1.17
Denmark,,Copenhagen,12,2,2019,2.39
Denmark,,Copenhagen,12,3,2019,2.72
Denmark,,Copenhagen,12,4,2019,6.67
Denmark,,Copenhagen,12,5,2019,5.83
Denmark,,Copenhagen,12,6,2019,6.78
Denmark,,Copenhagen,12,7,2019,6.67
Denmark,,Copenhagen,12,8,2019,7.17
Denmark,,Copenhagen,12,9,2019,5.78
Denmark,,Copenhagen,12,10,2019,2.5
Denmark,,Copenhagen,12,11,2019,4.56
Denmark,,Copenhagen,12,12,2019,4.17
Denmark,,Copenhagen,12,13,2019,3.94
Denmark,,Copenhagen,12,14,2019,3.39
Denmark,,Copenhagen,12,15,2019,4.22
Denmark,,Copenhagen,12,16,2019,5
Denmark,,Copenhagen,12,17,2019,6.5
Denmark,,Copenhagen,12,18,2019,5.89
Denmark,,Copenhagen,12,19,2019,5.11
Denmark,,Copenhagen,12,20,2019,5.33
Denmark,,Copenhagen,12,21,2019,5.28
Denmark,,Copenhagen,12,22,2019,5.11
Denmark,,Copenhagen,12,23,2019,6.17
Denmark,,Copenhagen,12,24,2019,5.33
Denmark,,Copenhagen,12,25,2019,4.33
Denmark,,Copenhagen,12,26,2019,3.39
Denmark,,Copenhagen,12,27,2019,0.39
Denmark,,Copenhagen,12,28,2019,-1.22
Denmark,,Copenhagen,12,29,2019,2.22
Denmark,,Copenhagen,12,30,2019,6.17
Denmark,,Copenhagen,12,31,2019,4.61
,,,,,,
Denmark,,Copenhagen,1,1,2009,-2.5
Denmark,,Copenhagen,1,2,2009,-4.5
Denmark,,Copenhagen,1,3,2009,0.8
Denmark,,Copenhagen,1,4,2009,-3.6
Denmark,,Copenhagen,1,5,2009,-7.3
Denmark,,Copenhagen,1,6,2009,-1.8
Denmark,,Copenhagen,1,7,2009,-2.3
Denmark,,Copenhagen,1,8,2009,-1.9
Denmark,,Copenhagen,1,9,2009,3.6
Denmark,,Copenhagen,1,10,2009,1.9
Denmark,,Copenhagen,1,11,2009,0.3
Denmark,,Copenhagen,1,12,2009,3.8
Denmark,,Copenhagen,1,13,2009,3.6
Denmark,,Copenhagen,1,14,2009,3.9
Denmark,,Copenhagen,1,15,2009,0.5
Denmark,,Copenhagen,1,16,2009,-0.2
Denmark,,Copenhagen,1,17,2009,0.1
Denmark,,Copenhagen,1,18,2009,2.3
Denmark,,Copenhagen,1,19,2009,1.9
Denmark,,Copenhagen,1,20,2009,2.7
Denmark,,Copenhagen,1,21,2009,0.8
Denmark,,Copenhagen,1,22,2009,0.6
Denmark,,Copenhagen,1,23,2009,1.3
Denmark,,Copenhagen,1,24,2009,2.2
Denmark,,Copenhagen,1,25,2009,2.2
Denmark,,Copenhagen,1,26,2009,1.2
Denmark,,Copenhagen,1,27,2009,0.9
Denmark,,Copenhagen,1,28,2009,-0.2
Denmark,,Copenhagen,1,29,2009,-2.8
Denmark,,Copenhagen,1,30,2009,-0.9
Denmark,,Copenhagen,1,31,2009,0.3
Denmark,,Copenhagen,2,1,2009,-1.9
Denmark,,Copenhagen,2,2,2009,-0.2
Denmark,,Copenhagen,2,3,2009,0.6
Denmark,,Copenhagen,2,4,2009,0.3
Denmark,,Copenhagen,2,5,2009,0.7
Denmark,,Copenhagen,2,6,2009,2.8
Denmark,,Copenhagen,2,7,2009,2.7
Denmark,,Copenhagen,2,8,2009,1.2
Denmark,,Copenhagen,2,9,2009,0.3
Denmark,,Copenhagen,2,10,2009,0.8
Denmark,,Copenhagen,2,11,2009,-0.1
Denmark,,Copenhagen,2,12,2009,-1.3
Denmark,,Copenhagen,2,13,2009,-3.8
Denmark,,Copenhagen,2,14,2009,-3.1
Denmark,,Copenhagen,2,15,2009,-1.5
Denmark,,Copenhagen,2,16,2009,-1
Denmark,,Copenhagen,2,17,2009,-6.5
Denmark,,Copenhagen,2,18,2009,-3.9
Denmark,,Copenhagen,2,19,2009,-2.1
Denmark,,Copenhagen,2,20,2009,-0.7
Denmark,,Copenhagen,2,21,2009,-0.7
Denmark,,Copenhagen,2,22,2009,3.6
Denmark,,Copenhagen,2,23,2009,0.9
Denmark,,Copenhagen,2,24,2009,0.8
Denmark,,Copenhagen,2,25,2009,4.9
Denmark,,Copenhagen,2,26,2009,4.3
Denmark,,Copenhagen,2,27,2009,2.4
Denmark,,Copenhagen,2,28,2009,0.4
Denmark,,Copenhagen,3,1,2009,2.2
Denmark,,Copenhagen,3,2,2009,3.4
Denmark,,Copenhagen,3,3,2009,4.4
Denmark,,Copenhagen,3,4,2009,3.7
Denmark,,Copenhagen,3,5,2009,4.1
Denmark,,Copenhagen,3,6,2009,2.6
Denmark,,Copenhagen,3,7,2009,2.4
Denmark,,Copenhagen,3,8,2009,2.8
Denmark,,Copenhagen,3,9,2009,1.9
Denmark,,Copenhagen,3,10,2009,3.7
Denmark,,Copenhagen,3,11,2009,2.5
Denmark,,Copenhagen,3,12,2009,1.1
Denmark,,Copenhagen,3,13,2009,4.5
Denmark,,Copenhagen,3,14,2009,4.8
Denmark,,Copenhagen,3,15,2009,5.8
Denmark,,Copenhagen,3,16,2009,5.5
Denmark,,Copenhagen,3,17,2009,6.2
Denmark,,Copenhagen,3,18,2009,4.9
Denmark,,Copenhagen,3,19,2009,3.5
Denmark,,Copenhagen,3,20,2009,2.1
Denmark,,Copenhagen,3,21,2009,2.8
Denmark,,Copenhagen,3,22,2009,5.3
Denmark,,Copenhagen,3,23,2009,3.1
Denmark,,Copenhagen,3,24,2009,0.1
Denmark,,Copenhagen,3,25,2009,-1.9
Denmark,,Copenhagen,3,26,2009,1.2
Denmark,,Copenhagen,3,27,2009,5.1
Denmark,,Copenhagen,3,28,2009,4.6
Denmark,,Copenhagen,3,29,2009,4.8
Denmark,,Copenhagen,3,30,2009,3.6
Denmark,,Copenhagen,3,31,2009,7.7
Denmark,,Copenhagen,4,1,2009,6.6
Denmark,,Copenhagen,4,2,2009,2.6
Denmark,,Copenhagen,4,3,2009,6.7
Denmark,,Copenhagen,4,4,2009,7.9
Denmark,,Copenhagen,4,5,2009,7.7
Denmark,,Copenhagen,4,6,2009,6.4
Denmark,,Copenhagen,4,7,2009,7.9
Denmark,,Copenhagen,4,8,2009,9.2
Denmark,,Copenhagen,4,9,2009,8.75
Denmark,,Copenhagen,4,10,2009,8.3
Denmark,,Copenhagen,4,11,2009,8.1
Denmark,,Copenhagen,4,12,2009,6.9
Denmark,,Copenhagen,4,13,2009,7.7
Denmark,,Copenhagen,4,14,2009,9.3
Denmark,,Copenhagen,4,15,2009,9.8
Denmark,,Copenhagen,4,16,2009,8
Denmark,,Copenhagen,4,17,2009,7.5
Denmark,,Copenhagen,4,18,2009,7.2
Denmark,,Copenhagen,4,19,2009,4.8
Denmark,,Copenhagen,4,20,2009,8.9
Denmark,,Copenhagen,4,21,2009,6.2
Denmark,,Copenhagen,4,22,2009,7.1
Denmark,,Copenhagen,4,23,2009,9.3
Denmark,,Copenhagen,4,24,2009,9.8
Denmark,,Copenhagen,4,25,2009,9.9
Denmark,,Copenhagen,4,26,2009,11.9
Denmark,,Copenhagen,4,27,2009,14.1
Denmark,,Copenhagen,4,28,2009,13.1
Denmark,,Copenhagen,4,29,2009,13.1
Denmark,,Copenhagen,4,30,2009,12.8
Denmark,,Copenhagen,5,1,2009,9.7
Denmark,,Copenhagen,5,2,2009,9.5
Denmark,,Copenhagen,5,3,2009,11
Denmark,,Copenhagen,5,4,2009,9.2
Denmark,,Copenhagen,5,5,2009,9.2
Denmark,,Copenhagen,5,6,2009,9.1
Denmark,,Copenhagen,5,7,2009,9.9
Denmark,,Copenhagen,5,8,2009,12
Denmark,,Copenhagen,5,9,2009,11.2
Denmark,,Copenhagen,5,10,2009,10.9
Denmark,,Copenhagen,5,11,2009,8.9
Denmark,,Copenhagen,5,12,2009,10.1
Denmark,,Copenhagen,5,13,2009,9.6
Denmark,,Copenhagen,5,14,2009,9.1
Denmark,,Copenhagen,5,15,2009,9.1
Denmark,,Copenhagen,5,16,2009,7.9
Denmark,,Copenhagen,5,17,2009,9.3
Denmark,,Copenhagen,5,18,2009,13.6
Denmark,,Copenhagen,5,19,2009,13.6
Denmark,,Copenhagen,5,20,2009,13.9
Denmark,,Copenhagen,5,21,2009,12.9
Denmark,,Copenhagen,5,22,2009,11.6
Denmark,,Copenhagen,5,23,2009,12.1
Denmark,,Copenhagen,5,24,2009,11.6
Denmark,,Copenhagen,5,25,2009,13.2
Denmark,,Copenhagen,5,26,2009,14.7
Denmark,,Copenhagen,5,27,2009,12.9
Denmark,,Copenhagen,5,28,2009,12.7
Denmark,,Copenhagen,5,29,2009,14.1
Denmark,,Copenhagen,5,30,2009,16.1
Denmark,,Copenhagen,5,31,2009,18.2
Denmark,,Copenhagen,6,1,2009,18
Denmark,,Copenhagen,6,2,2009,16.7
Denmark,,Copenhagen,6,3,2009,11.9
Denmark,,Copenhagen,6,4,2009,10.1
Denmark,,Copenhagen,6,5,2009,8.8
Denmark,,Copenhagen,6,6,2009,9.3
Denmark,,Copenhagen,6,7,2009,10.4
Denmark,,Copenhagen,6,8,2009,10.8
Denmark,,Copenhagen,6,9,2009,10.2
Denmark,,Copenhagen,6,10,2009,13.8
Denmark,,Copenhagen,6,11,2009,10.9
Denmark,,Copenhagen,6,12,2009,10.8
Denmark,,Copenhagen,6,13,2009,13.1
Denmark,,Copenhagen,6,14,2009,13.1
Denmark,,Copenhagen,6,15,2009,12.8
Denmark,,Copenhagen,6,16,2009,11
Denmark,,Copenhagen,6,17,2009,12.4
Denmark,,Copenhagen,6,18,2009,14.6
Denmark,,Copenhagen,6,19,2009,12.8
Denmark,,Copenhagen,6,20,2009,13.7
Denmark,,Copenhagen,6,21,2009,13.4
Denmark,,Copenhagen,6,22,2009,14.7
Denmark,,Copenhagen,6,23,2009,16.5
Denmark,,Copenhagen,6,24,2009,19.1
Denmark,,Copenhagen,6,25,2009,19.3
Denmark,,Copenhagen,6,26,2009,18.6
Denmark,,Copenhagen,6,27,2009,16.3
Denmark,,Copenhagen,6,28,2009,17.1
Denmark,,Copenhagen,6,29,2009,18.1
Denmark,,Copenhagen,6,30,2009,20.4
Denmark,,Copenhagen,7,1,2009,21.4
Denmark,,Copenhagen,7,2,2009,21.3
Denmark,,Copenhagen,7,3,2009,21.3
Denmark,,Copenhagen,7,4,2009,22.4
Denmark,,Copenhagen,7,5,2009,19
Denmark,,Copenhagen,7,6,2009,18.1
Denmark,,Copenhagen,7,7,2009,17.8
Denmark,,Copenhagen,7,8,2009,16.2
Denmark,,Copenhagen,7,9,2009,15.3
Denmark,,Copenhagen,7,10,2009,13.9
Denmark,,Copenhagen,7,11,2009,15.1
Denmark,,Copenhagen,7,12,2009,15.4
Denmark,,Copenhagen,7,13,2009,18.3
Denmark,,Copenhagen,7,14,2009,18.9
Denmark,,Copenhagen,7,15,2009,19.9
Denmark,,Copenhagen,7,16,2009,19.6
Denmark,,Copenhagen,7,17,2009,18.8
Denmark,,Copenhagen,7,18,2009,18
Denmark,,Copenhagen,7,19,2009,16.4
Denmark,,Copenhagen,7,20,2009,15.4
Denmark,,Copenhagen,7,21,2009,16.8
Denmark,,Copenhagen,7,22,2009,18.2
Denmark,,Copenhagen,7,23,2009,18.7
Denmark,,Copenhagen,7,24,2009,16.4
Denmark,,Copenhagen,7,25,2009,16.1
Denmark,,Copenhagen,7,26,2009,16.3
Denmark,,Copenhagen,7,27,2009,19.3
Denmark,,Copenhagen,7,28,2009,18
Denmark,,Copenhagen,7,29,2009,17.7
Denmark,,Copenhagen,7,30,2009,17.8
Denmark,,Copenhagen,7,31,2009,16.1
Denmark,,Copenhagen,8,1,2009,15.8
Denmark,,Copenhagen,8,2,2009,19.7
Denmark,,Copenhagen,8,3,2009,16.8
Denmark,,Copenhagen,8,4,2009,18
Denmark,,Copenhagen,8,5,2009,18.3
Denmark,,Copenhagen,8,6,2009,18.8
Denmark,,Copenhagen,8,7,2009,19.3
Denmark,,Copenhagen,8,8,2009,20.1
Denmark,,Copenhagen,8,9,2009,20.4
Denmark,,Copenhagen,8,10,2009,19.8
Denmark,,Copenhagen,8,11,2009,17.9
Denmark,,Copenhagen,8,12,2009,16.6
Denmark,,Copenhagen,8,13,2009,15.7
Denmark,,Copenhagen,8,14,2009,15.4
Denmark,,Copenhagen,8,15,2009,16.8
Denmark,,Copenhagen,8,16,2009,18.9
Denmark,,Copenhagen,8,17,2009,16.9
Denmark,,Copenhagen,8,18,2009,15.3
Denmark,,Copenhagen,8,19,2009,16.1
Denmark,,Copenhagen,8,20,2009,19.5
Denmark,,Copenhagen,8,21,2009,18.8
Denmark,,Copenhagen,8,22,2009,16.1
Denmark,,Copenhagen,8,23,2009,15.9
Denmark,,Copenhagen,8,24,2009,18
Denmark,,Copenhagen,8,25,2009,18.6
Denmark,,Copenhagen,8,26,2009,17.3
Denmark,,Copenhagen,8,27,2009,20.9
Denmark,,Copenhagen,8,28,2009,18.2
Denmark,,Copenhagen,8,29,2009,14.9
Denmark,,Copenhagen,8,30,2009,14.3
Denmark,,Copenhagen,8,31,2009,15.8
Denmark,,Copenhagen,9,1,2009,19.6
Denmark,,Copenhagen,9,2,2009,16
Denmark,,Copenhagen,9,3,2009,15.7
Denmark,,Copenhagen,9,4,2009,15.3
Denmark,,Copenhagen,9,5,2009,13.9
Denmark,,Copenhagen,9,6,2009,14.8
Denmark,,Copenhagen,9,7,2009,16.1
Denmark,,Copenhagen,9,8,2009,18.3
Denmark,,Copenhagen,9,9,2009,17.6
Denmark,,Copenhagen,9,10,2009,15.4
Denmark,,Copenhagen,9,11,2009,14.5
Denmark,,Copenhagen,9,12,2009,13.4
Denmark,,Copenhagen,9,13,2009,14.4
Denmark,,Copenhagen,9,14,2009,14.6
Denmark,,Copenhagen,9,15,2009,13.8
Denmark,,Copenhagen,9,16,2009,12.8
Denmark,,Copenhagen,9,17,2009,11.7
Denmark,,Copenhagen,9,18,2009,12
Denmark,,Copenhagen,9,19,2009,14.8
Denmark,,Copenhagen,9,20,2009,15.4
Denmark,,Copenhagen,9,21,2009,13.2
Denmark,,Copenhagen,9,22,2009,15.8
Denmark,,Copenhagen,9,23,2009,14.5
Denmark,,Copenhagen,9,24,2009,13.7
Denmark,,Copenhagen,9,25,2009,14.1
Denmark,,Copenhagen,9,26,2009,14.8
Denmark,,Copenhagen,9,27,2009,14.8
Denmark,,Copenhagen,9,28,2009,14.2
Denmark,,Copenhagen,9,29,2009,9.7
Denmark,,Copenhagen,9,30,2009,9.2
Denmark,,Copenhagen,10,1,2009,9.4
Denmark,,Copenhagen,10,2,2009,7.2
Denmark,,Copenhagen,10,3,2009,10.4
Denmark,,Copenhagen,10,4,2009,10.4
Denmark,,Copenhagen,10,5,2009,9.7
Denmark,,Copenhagen,10,6,2009,11.3
Denmark,,Copenhagen,10,7,2009,11.9
Denmark,,Copenhagen,10,8,2009,8.6
Denmark,,Copenhagen,10,9,2009,8.4
Denmark,,Copenhagen,10,10,2009,8.4
Denmark,,Copenhagen,10,11,2009,8.1
Denmark,,Copenhagen,10,12,2009,6.3
Denmark,,Copenhagen,10,13,2009,3.8
Denmark,,Copenhagen,10,14,2009,2.9
Denmark,,Copenhagen,10,15,2009,3.7
Denmark,,Copenhagen,10,16,2009,3.2
Denmark,,Copenhagen,10,17,2009,6.2
Denmark,,Copenhagen,10,18,2009,4.6
Denmark,,Copenhagen,10,19,2009,7.6
Denmark,,Copenhagen,10,20,2009,7.7
Denmark,,Copenhagen,10,21,2009,7
Denmark,,Copenhagen,10,22,2009,8
Denmark,,Copenhagen,10,23,2009,7.4
Denmark,,Copenhagen,10,24,2009,7.6
Denmark,,Copenhagen,10,25,2009,9.9
Denmark,,Copenhagen,10,26,2009,10.7
Denmark,,Copenhagen,10,27,2009,8.7
Denmark,,Copenhagen,10,28,2009,6.7
Denmark,,Copenhagen,10,29,2009,5.8
Denmark,,Copenhagen,10,30,2009,5.3
Denmark,,Copenhagen,10,31,2009,6.2
Denmark,,Copenhagen,11,1,2009,5.6
Denmark,,Copenhagen,11,2,2009,5.9
Denmark,,Copenhagen,11,3,2009,5.9
Denmark,,Copenhagen,11,4,2009,2.7
Denmark,,Copenhagen,11,5,2009,4.3
Denmark,,Copenhagen,11,6,2009,7.5
Denmark,,Copenhagen,11,7,2009,7.1
Denmark,,Copenhagen,11,8,2009,6.6
Denmark,,Copenhagen,11,9,2009,5.2
Denmark,,Copenhagen,11,10,2009,5.7
Denmark,,Copenhagen,11,11,2009,5.6
Denmark,,Copenhagen,11,12,2009,4.3
Denmark,,Copenhagen,11,13,2009,6.5
Denmark,,Copenhagen,11,14,2009,9.6
Denmark,,Copenhagen,11,15,2009,8.2
Denmark,,Copenhagen,11,16,2009,8.3
Denmark,,Copenhagen,11,17,2009,8.5
Denmark,,Copenhagen,11,18,2009,8.6
Denmark,,Copenhagen,11,19,2009,9.8
Denmark,,Copenhagen,11,20,2009,9.9
Denmark,,Copenhagen,11,21,2009,8.9
Denmark,,Copenhagen,11,22,2009,9.1
Denmark,,Copenhagen,11,23,2009,8.4
Denmark,,Copenhagen,11,24,2009,8.3
Denmark,,Copenhagen,11,25,2009,10
Denmark,,Copenhagen,11,26,2009,7.9
Denmark,,Copenhagen,11,27,2009,6.2
Denmark,,Copenhagen,11,28,2009,6.2
Denmark,,Copenhagen,11,29,2009,6.7
Denmark,,Copenhagen,11,30,2009,6.1
Denmark,,Copenhagen,12,1,2009,2.2
Denmark,,Copenhagen,12,2,2009,-0.7
Denmark,,Copenhagen,12,3,2009,4.5
Denmark,,Copenhagen,12,4,2009,5.4
Denmark,,Copenhagen,12,5,2009,3.6
Denmark,,Copenhagen,12,6,2009,5.3
Denmark,,Copenhagen,12,7,2009,5.9
Denmark,,Copenhagen,12,8,2009,5.6
Denmark,,Copenhagen,12,9,2009,5.1
Denmark,,Copenhagen,12,10,2009,5
Denmark,,Copenhagen,12,11,2009,2.4
Denmark,,Copenhagen,12,12,2009,0.8
Denmark,,Copenhagen,12,13,2009,-0.6
Denmark,,Copenhagen,12,14,2009,-0.3
Denmark,,Copenhagen,12,15,2009,0
Denmark,,Copenhagen,12,16,2009,-0.1
Denmark,,Copenhagen,12,17,2009,-5.3
Denmark,,Copenhagen,12,18,2009,-3.6
Denmark,,Copenhagen,12,19,2009,-7.8
Denmark,,Copenhagen,12,20,2009,-6.4
Denmark,,Copenhagen,12,21,2009,-6.1
Denmark,,Copenhagen,12,22,2009,-0.2
Denmark,,Copenhagen,12,23,2009,0.9
Denmark,,Copenhagen,12,24,2009,0.4
Denmark,,Copenhagen,12,25,2009,2.2
Denmark,,Copenhagen,12,26,2009,2.5
Denmark,,Copenhagen,12,27,2009,3.4
Denmark,,Copenhagen,12,28,2009,1.5
Denmark,,Copenhagen,12,29,2009,-0.6
Denmark,,Copenhagen,12,30,2009,-1.8
Denmark,,Copenhagen,12,31,2009,-5.4